x,y,bx,by,dxx,dxy,dyy,count
1.50,1.50,0.2314,0.1549,1.6945,3.3038,9.0206,836
4.50,1.50,0.1701,0.2094,1.3596,2.6020,7.1638,906
7.50,1.50,0.2526,0.0289,3.7041,-0.1867,0.2581,466
10.50,1.50,0.1046,0.3569,5.3135,-0.3499,0.2995,649
13.50,1.50,0.0326,0.0966,7.0794,-0.3423,0.2666,71
16.50,1.50,-0.3648,-0.3628,3.1526,0.2021,0.3786,189
19.50,1.50,-0.1822,-0.3418,3.2479,0.1592,0.4552,142
22.50,1.50,0.1342,-0.2058,2.1597,0.0389,0.4953,50
25.50,1.50,0.1667,0.7284,1.4560,0.0642,0.7761,93
28.50,1.50,0.3835,0.2875,1.7982,0.2695,0.7925,60
31.50,1.50,0.2468,0.0260,1.1696,0.1767,0.4493,34
34.50,1.50,0.3509,-0.2353,1.0687,0.1948,0.3577,545
37.50,1.50,0.4786,-0.1428,1.6211,0.2013,0.4293,508
40.50,1.50,0.3763,-0.0631,1.5928,0.2691,0.4052,442
43.50,1.50,0.2574,-0.0350,1.5837,0.0817,0.4211,1594
46.50,1.50,0.2759,0.0121,3.1184,0.5086,0.5884,963
49.50,1.50,0.2957,0.1341,4.0108,0.5325,0.7504,759
52.50,1.50,0.1938,0.4172,4.3345,0.6950,1.1142,304
55.50,1.50,-0.3027,0.5046,1.3599,-0.0632,0.8813,600
58.50,1.50,-0.4537,0.3688,1.2825,-0.0365,0.8209,385
61.50,1.50,-0.3550,0.1446,1.3014,0.0657,0.4466,568
64.50,1.50,-0.1164,0.0222,1.7403,0.0118,0.4145,751
67.50,1.50,-0.0392,0.0094,1.7655,-0.1082,0.4196,290
70.50,1.50,0.0913,-0.1719,1.9111,-0.1310,0.4448,873
73.50,1.50,0.0915,-0.0987,1.6178,-0.0636,0.4828,388
76.50,1.50,0.2668,-0.2908,1.6508,0.1308,0.5665,80
79.50,1.50,0.0813,-0.0794,1.7366,-0.0769,0.3687,82
82.50,1.50,-0.0120,-0.0916,0.8177,-0.0539,0.1666,489
85.50,1.50,-0.0377,0.0473,0.6141,-0.0317,0.2022,66
88.50,1.50,-0.0244,0.1181,0.3910,0.0584,0.2155,520
91.50,1.50,0.0223,0.4030,0.7163,0.0822,0.4220,13
94.50,1.50,-0.0902,0.0590,1.4334,0.0473,0.6179,4
97.50,1.50,-0.1627,-0.0554,1.9441,-0.0524,0.5619,519
100.50,1.50,-0.1766,-0.0842,1.9282,-0.0513,0.5534,276
103.50,1.50,-0.5024,-0.5365,5.3648,-0.6205,0.1754,0
1.50,4.50,0.2274,0.0680,1.6753,3.2325,8.8955,21
4.50,4.50,0.1634,0.2023,1.3423,2.5414,7.0606,11
7.50,4.50,0.2208,0.0267,3.6039,-0.1992,0.3264,26
10.50,4.50,0.0386,0.5502,4.8890,-0.3690,0.4573,45
13.50,4.50,-0.0534,0.1614,6.0922,-0.4150,0.5278,76
16.50,4.50,-0.3939,-0.4428,2.5670,-0.0096,0.6732,142
19.50,4.50,-0.1871,-0.5504,2.7246,-0.0141,0.7210,118
22.50,4.50,-0.0899,-0.0722,1.8566,-0.1130,0.7893,100
25.50,4.50,-0.2503,0.8149,1.1990,-0.1694,0.9761,108
28.50,4.50,-0.2256,0.4680,1.4241,0.0519,0.8894,87
31.50,4.50,-0.1257,0.0190,1.1030,0.1350,0.5403,105
34.50,4.50,0.0528,-0.2335,1.0859,0.1462,0.4950,177
37.50,4.50,-0.0225,-0.1479,1.5631,0.1464,0.6425,177
40.50,4.50,0.0540,-0.0733,1.6629,0.2132,0.5935,182
43.50,4.50,-0.0581,-0.0389,1.7211,0.0687,0.5805,172
46.50,4.50,0.0385,0.0269,3.1089,0.4440,0.6430,167
49.50,4.50,-0.0258,0.1546,3.8489,0.4592,0.7836,123
52.50,4.50,0.0284,0.4729,4.0654,0.6067,1.1086,405
55.50,4.50,0.0231,0.4673,1.5591,-0.0223,0.9048,193
58.50,4.50,0.0909,0.3204,1.4864,-0.0205,0.8417,169
61.50,4.50,0.1719,0.0719,1.5072,0.0614,0.5156,160
64.50,4.50,0.1875,-0.0723,1.9105,0.0379,0.4967,203
67.50,4.50,0.1901,-0.1170,1.9274,-0.0453,0.4651,168
70.50,4.50,0.3809,-0.2386,2.0173,-0.0546,0.4808,200
73.50,4.50,0.4412,-0.0388,1.7340,0.0468,0.5572,174
76.50,4.50,0.7368,-0.0273,1.7233,0.2778,0.7292,178
79.50,4.50,0.4226,0.0903,1.7604,0.1079,0.6207,108
82.50,4.50,0.1932,0.0374,0.9495,-0.0085,0.3060,112
85.50,4.50,0.1050,0.1319,0.7120,-0.0187,0.2840,1088
88.50,4.50,0.1067,0.1985,0.4872,0.0484,0.3168,91
91.50,4.50,0.2159,0.4053,0.8213,0.1188,0.7011,68
94.50,4.50,-0.0685,0.0206,1.4351,0.0573,0.6943,33
97.50,4.50,-0.1525,-0.0768,1.9283,-0.0309,0.6048,1388
100.50,4.50,-0.1991,-0.1424,1.9147,-0.0465,0.5518,32
103.50,4.50,-0.5599,-0.6230,5.2590,-0.6009,0.1720,0
1.50,7.50,0.7650,-3.1249,1.0442,-0.0466,2.6940,3
4.50,7.50,3.3758,1.9758,147.2255,83.1649,52.0535,28
7.50,7.50,1.3902,2.1873,97.9195,55.3735,34.6966,14
10.50,7.50,0.6542,2.7371,73.8399,42.0002,26.4706,42
13.50,7.50,-0.8367,0.2742,0.7892,-0.4991,1.4607,99
16.50,7.50,-0.4501,-0.9978,0.8830,-0.4916,1.3875,100
19.50,7.50,-0.3109,-1.3321,1.0681,-0.4557,1.2886,112
22.50,7.50,-0.3961,-0.0068,1.0881,-0.4266,1.2228,44
25.50,7.50,-0.1838,0.7585,1.0067,-0.3808,1.1885,95
28.50,7.50,0.0008,0.4864,1.0670,-0.1570,1.0098,157
31.50,7.50,-0.1024,0.0383,1.2785,0.0270,0.8845,113
34.50,7.50,-0.3409,-0.0281,1.5261,0.0271,1.0519,140
37.50,7.50,-0.7178,0.0969,1.6302,-0.0400,1.3497,234
40.50,7.50,-1.0594,-0.0358,1.9817,-0.0651,1.4729,217
43.50,7.50,-1.4290,-0.1041,2.4697,-0.0951,1.4787,142
46.50,7.50,-1.5139,-0.4375,2.8941,-0.1106,1.0476,109
49.50,7.50,-0.9039,-0.1500,2.5852,-0.0658,0.8799,129
52.50,7.50,-0.1607,0.1666,2.4127,0.0179,0.9220,137
55.50,7.50,0.5072,0.3414,2.2633,0.0514,0.8765,156
58.50,7.50,1.0146,0.2475,2.4668,0.0507,0.9641,196
61.50,7.50,1.1898,0.0329,2.4663,0.0665,0.8211,253
64.50,7.50,1.3360,-0.2619,2.5671,0.0692,0.8963,149
67.50,7.50,1.3844,-0.5305,2.6064,0.1155,0.7550,173
70.50,7.50,1.5589,-0.6061,2.5630,0.2076,0.7776,210
73.50,7.50,1.6406,0.0426,2.2819,0.4207,0.8240,160
76.50,7.50,1.7968,0.4359,2.1559,0.6249,1.0799,179
79.50,7.50,1.4493,0.5036,1.8931,0.6326,1.1107,124
82.50,7.50,0.5045,0.2107,0.9683,0.2488,0.5891,118
85.50,7.50,0.2167,0.2147,0.7932,0.1464,0.5106,123
88.50,7.50,0.2171,0.3505,0.6743,0.0717,0.5311,50
91.50,7.50,0.7604,0.8335,1.3735,0.2885,1.6114,50
94.50,7.50,0.1463,0.0043,1.4340,0.4596,0.5497,42
97.50,7.50,0.0383,-0.1398,1.4178,0.4976,0.4468,30
100.50,7.50,-0.0627,-0.2804,1.4337,0.4938,0.2671,9
103.50,7.50,-0.3222,-3.2442,0.4684,0.0983,0.1381,0
1.50,10.50,0.0969,0.3422,1.6299,4.3653,15.6243,32
4.50,10.50,1.0328,1.7947,56.5727,35.3970,30.4844,39
7.50,10.50,0.5518,2.3043,75.3848,42.9845,27.1577,136
10.50,10.50,0.1903,2.1001,63.0645,35.9326,23.1899,126
13.50,10.50,-0.9035,-0.3610,0.8801,-0.7004,2.1438,57
16.50,10.50,-0.7296,-1.4567,1.0596,-0.8531,2.3947,45
19.50,10.50,-0.6502,-1.5993,1.1582,-0.7221,1.9239,42
22.50,10.50,-0.8530,0.2371,1.1181,-0.6644,1.6788,40
25.50,10.50,-0.5686,0.2714,0.9231,-0.5441,1.4555,111
28.50,10.50,-0.3917,0.6911,1.0475,-0.4465,1.3259,78
31.50,10.50,-0.5457,0.2470,1.2081,-0.2599,1.2249,46
34.50,10.50,-0.7281,0.3419,1.4500,-0.2214,1.4518,284
37.50,10.50,-0.9745,0.3096,1.4814,-0.1602,1.6887,193
40.50,10.50,-1.0140,0.0334,1.8554,-0.1114,1.7259,173
43.50,10.50,-1.2457,-0.1334,2.3089,-0.0459,1.6404,188
46.50,10.50,-1.0631,-0.5921,2.7367,0.0321,1.1666,122
49.50,10.50,-0.7873,-0.7415,2.9220,0.1068,1.1287,139
52.50,10.50,0.0567,-0.4772,2.7086,0.0978,1.1897,82
55.50,10.50,0.8633,-0.2705,2.6114,0.0221,1.1162,179
58.50,10.50,0.9997,0.0537,2.4374,0.0061,1.1053,181
61.50,10.50,0.9910,0.1104,2.6847,0.0840,0.9862,141
64.50,10.50,0.8126,-0.1770,2.8585,0.2114,1.0920,168
67.50,10.50,1.0753,-0.7285,3.1820,0.3274,0.9561,120
70.50,10.50,1.2361,-1.0997,3.2014,0.3908,0.9381,69
73.50,10.50,1.4404,-0.3273,2.9793,0.5161,0.9025,131
76.50,10.50,1.7688,0.3518,2.8550,0.6667,1.2007,148
79.50,10.50,0.8917,0.3715,1.4409,0.5989,1.0443,143
82.50,10.50,0.8834,0.3449,1.3071,0.5599,1.0653,137
85.50,10.50,0.6845,0.3686,1.1279,0.4832,1.0281,59
88.50,10.50,1.7269,1.2193,2.1520,0.3073,1.5863,83
91.50,10.50,1.5617,1.0956,1.9040,0.4329,2.1557,60
94.50,10.50,1.3177,0.2341,1.7054,0.5428,2.1516,98
97.50,10.50,1.2148,-0.0592,1.4625,0.6424,2.0941,41
100.50,10.50,0.9583,-1.0284,1.4547,0.5790,1.3479,4
103.50,10.50,0.2764,-0.2499,0.9602,-0.1434,0.2537,0
1.50,13.50,-0.4070,0.7024,1.4451,3.7873,13.6157,450
4.50,13.50,0.2887,1.8403,47.7622,29.9127,26.1249,39
7.50,13.50,-0.1737,2.4355,63.6106,36.6774,23.4325,81
10.50,13.50,-0.0458,1.5991,60.2104,34.2642,22.5429,103
13.50,13.50,-0.8833,-0.9161,0.8851,-0.6733,2.3755,71
16.50,13.50,-0.9135,-1.7212,1.2333,-1.0759,2.7979,51
19.50,13.50,-0.8074,-1.2813,1.1503,-0.7098,1.8480,35
22.50,13.50,-0.5793,0.1040,0.7638,-0.3946,1.2422,135
25.50,13.50,-0.4831,-0.0580,0.6777,-0.2952,1.2448,85
28.50,13.50,-0.4756,0.5999,0.8086,-0.4587,1.3584,50
31.50,13.50,-0.8341,0.5699,1.5015,-0.7719,1.9898,71
34.50,13.50,-0.8039,0.6653,1.6806,-0.5897,1.9688,132
37.50,13.50,-0.5105,0.4895,1.5833,-0.3232,2.0942,202
40.50,13.50,-0.4649,0.1842,1.7908,-0.1544,1.8306,162
43.50,13.50,-0.4858,-0.1654,2.1905,-0.0694,1.5591,172
46.50,13.50,-0.3589,-0.4468,1.9110,-0.0033,1.5035,156
49.50,13.50,-0.2187,-0.6001,2.1078,0.0402,1.6185,110
52.50,13.50,0.0081,-0.5875,1.9471,0.0041,1.6834,128
55.50,13.50,0.0394,-0.5558,2.9349,-0.0171,1.3021,104
58.50,13.50,0.0199,-0.0402,2.7711,0.0097,1.3362,93
61.50,13.50,0.0447,0.2192,3.0537,0.1146,1.2871,158
64.50,13.50,0.4229,-0.4398,3.0734,0.2429,1.3472,78
67.50,13.50,0.8428,-1.1572,3.3483,0.3846,1.2337,137
70.50,13.50,1.1377,-1.6151,3.4169,0.5184,1.3095,95
73.50,13.50,1.3394,-0.7953,3.2042,0.5578,1.1682,88
76.50,13.50,1.6862,0.0709,3.0951,0.6973,1.3696,165
79.50,13.50,0.8181,0.3970,1.4150,0.6184,1.0639,124
82.50,13.50,0.7722,0.4233,1.3218,0.6656,1.1880,1460
85.50,13.50,0.7387,0.4806,1.1666,0.5845,1.1772,128
88.50,13.50,2.0497,1.2264,2.1908,0.6190,1.8865,74
91.50,13.50,2.1971,1.2285,1.7857,0.5741,2.0956,56
94.50,13.50,2.1776,0.8055,1.4587,0.6439,2.0948,83
97.50,13.50,2.0709,0.6813,1.2006,0.6302,2.1849,42
100.50,13.50,2.8711,1.1765,1.1580,0.5573,1.7679,6
103.50,13.50,3.2175,1.9444,1.2395,0.4013,2.3421,0
1.50,16.50,-0.5479,1.2715,1.3969,3.8176,13.3929,78
4.50,16.50,-0.8808,1.7150,1.2806,2.9688,11.3474,61
7.50,16.50,-1.6345,1.7167,0.8846,-0.3538,2.9651,59
10.50,16.50,-0.9269,0.3439,1.0472,-0.7137,3.1272,77
13.50,16.50,-0.8388,-0.9228,1.1084,-0.7290,2.6283,54
16.50,16.50,-0.9796,-1.0950,1.3201,-0.8630,2.3641,125
19.50,16.50,-1.0151,-0.7492,1.1969,-0.5829,1.6559,101
22.50,16.50,-0.6457,0.1353,0.9247,-0.2664,1.2466,162
25.50,16.50,-0.8445,0.0429,0.9035,-0.2306,1.3679,534
28.50,16.50,-1.1719,0.7487,1.1231,-0.4726,1.5017,90
31.50,16.50,-1.7118,0.3678,1.9597,-1.1175,2.3054,74
34.50,16.50,-1.2184,0.3816,2.2154,-1.0074,2.0856,76
37.50,16.50,-0.4983,0.0911,1.8677,-0.4756,2.1318,73
40.50,16.50,-0.2832,0.2009,1.8755,-0.2295,1.6995,177
43.50,16.50,-0.2512,-0.2178,1.7617,-0.1710,1.7773,179
46.50,16.50,-0.2408,-0.3905,1.4942,-0.1235,1.8035,145
49.50,16.50,-0.3371,-0.5696,1.5567,-0.0375,1.9041,802
52.50,16.50,-0.4217,-0.5775,1.7160,0.0657,1.7880,136
55.50,16.50,-0.4053,-0.8775,2.8588,0.1827,1.4183,100
58.50,16.50,-0.0359,-0.3403,2.6753,0.1344,1.4386,95
61.50,16.50,0.3080,-0.2950,2.8093,0.2057,1.4208,131
64.50,16.50,0.3997,-0.7852,2.5100,0.2796,1.3015,101
67.50,16.50,0.6847,-1.4409,2.5949,0.4771,1.2571,137
70.50,16.50,0.6957,-1.4695,2.4698,0.4671,1.3086,124
73.50,16.50,0.7012,-0.9539,2.3783,0.4309,1.3159,70
76.50,16.50,0.8341,-0.5305,2.4594,0.4471,1.2813,64
79.50,16.50,0.5560,0.3394,1.1408,0.4949,0.9789,58
82.50,16.50,0.6830,0.4779,1.1793,0.5842,1.1371,120
85.50,16.50,0.7547,0.5837,1.1543,0.5812,1.2406,144
88.50,16.50,2.0634,1.0752,2.2745,0.8745,2.0760,80
91.50,16.50,2.2354,0.9143,2.1641,0.8832,2.4217,101
94.50,16.50,2.1202,1.0545,1.7024,0.8097,2.1293,97
97.50,16.50,1.9206,1.1861,1.3404,0.6509,2.1504,57
100.50,16.50,0.8072,1.2919,1.4009,-1.9551,5.3615,34
103.50,16.50,0.3898,1.0750,1.4715,-2.7017,6.5465,10
1.50,19.50,-0.0715,0.2206,1.4425,0.3897,7.6346,49
4.50,19.50,-0.2177,0.3834,1.4136,0.3173,7.3334,33
7.50,19.50,-0.5482,0.5113,0.5122,-0.2205,1.5530,35
10.50,19.50,-0.3581,0.1381,0.6446,-0.3907,1.7498,90
13.50,19.50,-0.3260,-0.3138,0.7532,-0.4501,1.5372,114
16.50,19.50,-0.5570,-1.0099,1.5199,-0.7099,2.1229,134
19.50,19.50,-0.3599,-0.6403,1.4462,-0.5466,1.6805,123
22.50,19.50,-0.0488,0.0389,1.2055,-0.3026,1.3446,128
25.50,19.50,-0.1916,0.3019,1.3202,-0.3348,1.5937,166
28.50,19.50,-0.3782,0.6505,1.5057,-0.5233,1.6389,190
31.50,19.50,-0.5792,0.1612,2.1503,-0.9895,2.2158,129
34.50,19.50,-0.2443,0.0409,2.2776,-1.0804,1.8442,124
37.50,19.50,0.0371,-0.1125,1.9816,-0.5877,2.1294,107
40.50,19.50,0.0336,0.3799,1.9658,-0.2723,1.8116,262
43.50,19.50,-0.1999,-0.1619,1.8014,-0.1795,2.0169,128
46.50,19.50,-0.2203,-0.3831,1.4457,-0.1423,2.0338,306
49.50,19.50,-0.2699,-0.6366,1.5862,-0.1007,2.0482,130
52.50,19.50,0.0198,-0.6108,2.3816,0.0149,1.4715,114
55.50,19.50,0.1654,-0.8484,3.3622,0.1154,1.0512,135
58.50,19.50,0.3608,-0.4871,3.3372,0.1436,1.1433,130
61.50,19.50,0.3936,-0.5349,2.9905,0.2155,1.6392,153
64.50,19.50,0.2026,-0.8500,2.6159,0.2421,1.5119,117
67.50,19.50,-0.2512,-1.3936,2.4630,0.3961,1.4491,189
70.50,19.50,-0.5378,-1.1628,2.2357,0.5461,1.5677,105
73.50,19.50,-0.6494,-0.8666,2.0461,0.6090,1.6554,114
76.50,19.50,-0.7368,-0.8727,2.0965,0.6588,1.6456,108
79.50,19.50,-0.1184,0.2274,1.9491,0.4977,1.5363,44
82.50,19.50,0.5146,1.1152,1.9848,0.6662,1.8529,158
85.50,19.50,1.2814,1.2753,1.9042,0.7979,2.1686,141
88.50,19.50,1.8324,1.3101,1.9354,1.1034,2.3734,60
91.50,19.50,1.8104,0.9668,1.8832,1.2230,2.7922,64
94.50,19.50,1.6414,1.5265,1.3757,0.8850,2.2487,88
97.50,19.50,1.3998,1.5232,1.1283,0.7038,2.2332,109
100.50,19.50,0.0883,0.3759,1.0549,-1.1586,1.9763,63
103.50,19.50,-0.0007,0.2720,1.0640,-1.2630,2.0107,597
1.50,22.50,0.0415,0.2407,1.5484,0.4055,8.0016,1557
4.50,22.50,-0.0566,0.4288,1.5773,0.3265,7.7449,58
7.50,22.50,-0.2851,0.3225,0.8527,-0.3519,1.8585,76
10.50,22.50,-0.1913,0.0831,1.0362,-0.5336,1.9203,860
13.50,22.50,0.0130,-0.4067,1.1916,-0.5698,1.6809,90
16.50,22.50,0.1425,-1.0138,2.2830,-0.7120,2.2508,118
19.50,22.50,0.2971,-0.7452,2.2679,-0.5617,2.0004,79
22.50,22.50,0.2657,-0.1848,2.3404,-0.5787,2.0722,133
25.50,22.50,0.4463,0.3014,2.4122,-0.6961,2.4429,79
28.50,22.50,0.4890,0.7249,2.4013,-0.8492,2.3362,127
31.50,22.50,0.4811,0.2198,2.3604,-0.8224,2.1729,148
34.50,22.50,0.2166,0.1718,2.3817,-0.8231,1.6882,131
37.50,22.50,0.1870,-0.2628,2.1128,-0.4639,1.9239,55
40.50,22.50,0.2380,0.2773,2.1398,-0.3179,1.8792,108
43.50,22.50,0.3656,-0.1984,1.7763,-0.1943,2.3315,79
46.50,22.50,0.2728,-0.8390,1.9961,-0.2587,2.5196,63
49.50,22.50,0.1623,-1.4798,2.0340,-0.1977,2.3764,77
52.50,22.50,0.1762,-1.2679,3.1432,0.0101,1.2835,110
55.50,22.50,0.2076,-1.1126,3.1990,0.1246,1.0682,793
58.50,22.50,0.2634,-0.7563,3.1415,0.1706,1.2259,92
61.50,22.50,0.4103,-0.6932,2.4566,0.2310,1.7343,73
64.50,22.50,0.2430,-0.3854,2.1751,0.2405,1.7080,88
67.50,22.50,-0.2338,-0.7184,2.1537,0.3568,1.6562,88
70.50,22.50,-0.9182,-0.6132,2.1533,0.4940,1.8006,87
73.50,22.50,-1.2574,-1.0865,2.2642,0.5659,1.7278,84
76.50,22.50,-1.3837,-0.9570,2.4949,0.5481,1.5967,121
79.50,22.50,-1.1731,-0.4580,2.3903,0.4453,1.4588,58
82.50,22.50,-0.3673,0.4317,1.8620,-0.7175,3.5192,44
85.50,22.50,-0.0419,0.5453,1.8159,-0.5212,3.7218,40
88.50,22.50,0.1851,0.9843,1.9806,-0.3612,4.1369,82
91.50,22.50,0.2752,1.2831,2.9913,1.6332,3.2560,53
94.50,22.50,0.3249,1.8037,2.4493,1.2699,2.8821,37
97.50,22.50,0.6066,1.5071,1.7386,0.8452,2.5555,101
100.50,22.50,-0.0011,0.3239,0.9998,-0.9311,1.6188,40
103.50,22.50,-0.0269,0.2448,0.9652,-1.0197,1.5846,3595
1.50,25.50,0.0726,0.2042,1.4517,0.4758,5.9297,18
4.50,25.50,0.0318,0.3563,1.4965,0.3677,5.8168,36
7.50,25.50,-0.0399,0.4214,1.0697,-0.4790,2.0096,56
10.50,25.50,0.0694,-0.0160,1.3697,-0.6443,1.9432,115
13.50,25.50,0.3122,-0.5681,1.5704,-0.6366,1.5813,62
16.50,25.50,0.4505,-1.1908,3.2232,-0.7134,2.2991,67
19.50,25.50,0.0931,-0.6554,2.8269,-0.4631,2.2231,101
22.50,25.50,0.2217,-0.5836,2.6185,-0.6564,2.3941,99
25.50,25.50,0.8066,-0.0046,2.6542,-0.8189,2.6223,77
28.50,25.50,1.5466,0.4755,2.8826,-0.9488,2.5962,71
31.50,25.50,1.5596,0.5859,2.6828,-0.6431,2.3113,58
34.50,25.50,1.3249,0.2643,2.2714,-0.4694,1.9216,82
37.50,25.50,1.1010,-0.4242,1.9584,-0.1693,2.2972,93
40.50,25.50,1.5609,0.3632,2.1290,-0.1282,2.5224,114
43.50,25.50,1.6171,0.2710,2.4309,-0.0862,2.8518,52
46.50,25.50,1.5199,-0.5052,2.7226,-0.1752,2.9608,71
49.50,25.50,0.6029,-2.1267,2.7138,-0.1067,2.7308,69
52.50,25.50,0.3497,-1.5714,3.2656,0.0069,1.3970,60
55.50,25.50,0.0986,-1.2444,3.1915,0.0486,1.3030,63
58.50,25.50,-0.1729,-0.8963,3.1612,0.0940,1.5008,60
61.50,25.50,-0.8529,-0.6599,2.5094,0.1250,2.4461,100
64.50,25.50,-0.8265,-0.2325,2.6621,0.2628,2.3876,112
67.50,25.50,-0.6206,-0.2162,2.7282,0.2729,2.3422,44
70.50,25.50,-0.8549,-0.0858,2.7547,0.4234,2.5096,63
73.50,25.50,-1.0938,-1.0896,2.6597,0.4260,2.1293,118
76.50,25.50,-1.4764,-0.7666,3.1000,0.5121,1.8690,76
79.50,25.50,-1.5381,-1.0626,3.3210,0.5056,1.7411,96
82.50,25.50,-0.7943,0.0461,2.3846,-0.7681,3.7211,117
85.50,25.50,-0.4828,0.1572,1.9548,-0.4352,3.4466,675
88.50,25.50,-0.4412,0.7293,1.7442,-0.2917,3.3448,85
91.50,25.50,-0.5487,0.9046,2.2465,1.2160,2.2594,75
94.50,25.50,-0.6031,1.1603,2.4484,1.2139,2.7826,60
97.50,25.50,-0.1751,1.0476,2.3294,1.2049,3.0005,74
100.50,25.50,-0.0433,0.2446,0.9768,-0.6528,1.0080,66
103.50,25.50,-0.0360,0.1994,0.9167,-0.7336,0.8983,1280
1.50,28.50,-0.0218,0.2759,0.7579,0.0128,0.5898,728
4.50,28.50,0.0582,0.3298,0.8693,-0.0865,0.9497,45
7.50,28.50,0.5020,1.0346,2.1619,-0.8825,3.5303,110
10.50,28.50,0.5779,-0.2252,1.9182,-0.7230,1.8792,68
13.50,28.50,0.7562,-0.6934,2.3421,-0.7041,1.4445,97
16.50,28.50,0.5652,-0.5184,2.0835,-0.3304,1.0137,51
19.50,28.50,0.5350,-0.3369,2.7281,-0.3071,1.8339,83
22.50,28.50,0.2329,-0.5214,2.0238,-0.3027,1.7633,99
25.50,28.50,0.4261,-0.4450,2.1512,-0.4966,2.1071,168
28.50,28.50,0.7799,0.1628,2.2147,-0.4983,2.1056,119
31.50,28.50,1.3688,0.9155,2.5067,-0.3676,2.3511,71
34.50,28.50,1.5458,0.3242,2.2990,-0.1191,2.2050,95
37.50,28.50,1.6655,-0.5648,1.9108,0.0596,2.3639,105
40.50,28.50,2.0532,0.1580,2.0676,-0.0768,2.5826,51
43.50,28.50,2.4172,0.6864,2.2665,-0.1497,3.1003,65
46.50,28.50,1.7500,0.3422,2.4794,-0.2120,3.3750,65
49.50,28.50,1.1022,-1.9778,2.5369,0.0356,3.3991,36
52.50,28.50,0.0311,-3.6418,2.5970,0.1453,3.1452,27
55.50,28.50,-0.3744,-2.6104,2.3917,-0.0506,3.4016,19
58.50,28.50,-0.2494,-1.3050,1.6288,0.1009,2.3368,59
61.50,28.50,-0.0094,-0.7001,1.6142,0.1549,2.0811,89
64.50,28.50,0.3887,-0.6734,1.7152,0.3002,1.7546,46
67.50,28.50,0.9668,-0.4016,2.3443,0.2504,2.4202,59
70.50,28.50,1.0062,0.0874,2.2572,0.2173,2.4744,72
73.50,28.50,0.5304,-0.5624,2.1284,0.1722,2.1270,52
76.50,28.50,-0.0871,-0.1931,2.5455,0.2482,1.8758,97
79.50,28.50,-0.7028,-0.9081,2.9713,0.3311,1.7764,49
82.50,28.50,-0.6885,-0.1860,2.2819,-0.8131,3.7560,109
85.50,28.50,-0.5572,0.0187,1.7332,-0.4557,2.9398,70
88.50,28.50,-0.3380,0.4995,1.5357,-0.3081,2.7134,246
91.50,28.50,-0.2750,0.6624,1.5578,0.6719,1.3656,217
94.50,28.50,-0.3403,0.7064,1.9075,0.8698,2.1243,94
97.50,28.50,-0.3818,0.4836,1.8628,0.9558,2.3200,75
100.50,28.50,-0.4462,0.1453,23.5883,-1.0006,0.3469,67
103.50,28.50,-0.4308,0.1345,24.5747,-1.1059,0.1879,20
1.50,31.50,0.0310,0.1895,1.0069,-0.3282,0.7973,1978
4.50,31.50,0.1523,0.1376,1.0218,-0.3429,1.0133,91
7.50,31.50,0.5652,0.6505,1.2101,-0.2956,1.7944,263
10.50,31.50,0.6292,-0.1760,1.3795,-0.3271,1.3005,106
13.50,31.50,0.5672,-0.2507,1.7230,-0.2719,0.9346,763
16.50,31.50,0.5679,-0.4620,1.6950,-0.1259,0.8358,35
19.50,31.50,0.5295,0.0329,2.1377,-0.1147,1.5165,274
22.50,31.50,0.3726,-0.3042,1.6938,-0.0726,1.4900,135
25.50,31.50,0.0892,-0.3036,1.8324,-0.1087,1.7361,307
28.50,31.50,0.3675,-0.0724,2.0201,-0.0786,1.7649,130
31.50,31.50,0.9637,0.3508,2.3309,-0.0259,2.2713,37
34.50,31.50,1.6135,-0.1522,2.2166,0.1588,2.3304,103
37.50,31.50,1.5312,-0.5878,1.8792,0.2494,2.5897,87
40.50,31.50,1.4790,0.2714,1.8758,0.1260,2.6955,69
43.50,31.50,1.2687,1.1151,2.0582,-0.1493,3.0782,92
46.50,31.50,0.9783,0.9638,1.9719,-0.0004,3.1670,46
49.50,31.50,1.1576,-1.2255,2.2331,0.1977,3.5672,60
52.50,31.50,1.9015,-2.8302,2.3721,0.4626,3.2315,38
55.50,31.50,1.9749,-2.0929,2.4108,-0.0763,3.6395,46
58.50,31.50,0.9588,-0.9057,1.7643,0.0577,2.3507,56
61.50,31.50,0.6492,-0.8012,1.8790,0.1058,2.2461,349
64.50,31.50,0.3930,-0.7014,1.8903,0.2527,1.6471,65
67.50,31.50,0.4154,-0.5829,2.3077,0.0829,2.2638,79
70.50,31.50,0.2652,0.0344,2.0022,0.0426,2.2872,100
73.50,31.50,0.3010,-0.1623,1.7696,-0.0120,2.0776,94
76.50,31.50,0.2322,0.1014,2.0406,0.2113,2.0361,85
79.50,31.50,0.2343,-0.5617,2.4260,0.2220,1.9852,36
82.50,31.50,-0.2149,-0.7239,3.1030,0.4207,2.0000,18
85.50,31.50,-0.0965,-0.0924,0.5369,0.0491,0.4821,57
88.50,31.50,-0.0855,0.0828,0.4781,0.0768,0.4725,253
91.50,31.50,-0.0162,0.1509,0.4698,0.1296,0.5482,171
94.50,31.50,0.0551,0.5897,1.1989,0.5274,1.4053,228
97.50,31.50,0.0656,0.4421,1.3852,0.7027,1.6486,124
100.50,31.50,-0.4852,0.1609,28.2501,-1.1335,0.3995,81
103.50,31.50,-0.5249,0.1299,30.7151,-1.3088,0.2185,4361
1.50,34.50,0.0137,0.3400,0.7530,-0.2800,6.1938,665
4.50,34.50,0.1074,0.1861,0.7900,-0.2483,5.4556,351
7.50,34.50,0.4992,0.5133,1.0464,-0.0084,1.6157,429
10.50,34.50,0.5829,-0.1818,1.2923,-0.0201,1.1993,361
13.50,34.50,0.6019,-0.0327,1.6646,0.0665,0.8534,128
16.50,34.50,0.5807,-0.4856,1.6397,0.1091,0.7747,70
19.50,34.50,1.1055,-0.0274,2.0200,0.0759,1.3017,149
22.50,34.50,0.8825,-0.1805,1.6075,0.0802,1.2729,130
25.50,34.50,0.7218,-0.1931,1.7486,0.0899,1.5547,135
28.50,34.50,0.5273,-0.2183,1.8271,0.2058,1.6130,92
31.50,34.50,0.6464,0.2512,2.2186,0.2905,2.2549,73
34.50,34.50,0.4856,0.1339,2.2890,0.3929,2.2075,121
37.50,34.50,0.2035,-0.4250,2.0649,0.3916,2.4428,72
40.50,34.50,0.1230,-0.0269,1.8464,0.1952,2.4492,74
43.50,34.50,0.6190,0.6833,1.6630,0.0043,2.5968,134
46.50,34.50,0.9195,0.9807,1.5638,0.0426,2.6810,114
49.50,34.50,1.6798,-0.5905,1.8094,0.1201,2.9764,45
52.50,34.50,2.1734,-1.8891,2.1672,0.1769,3.1429,48
55.50,34.50,2.3094,-1.2422,2.4992,-0.2129,3.5658,77
58.50,34.50,1.2246,-0.6268,1.9629,0.0161,2.4357,109
61.50,34.50,0.9962,-0.6627,2.1104,0.0376,2.2257,76
64.50,34.50,0.7201,-0.8477,1.8696,0.1245,1.7021,54
67.50,34.50,0.5647,-0.4539,2.1830,-0.1025,2.2300,160
70.50,34.50,0.0956,0.1852,1.9561,-0.0605,2.4093,98
73.50,34.50,-0.1741,0.0457,1.9584,-0.0567,2.2064,92
76.50,34.50,-0.4669,0.0475,2.2821,0.1207,2.2504,114
79.50,34.50,-0.6969,-0.3424,2.5102,0.0239,2.1023,69
82.50,34.50,-1.0163,-0.2658,3.0280,-0.1741,2.1195,27
85.50,34.50,-0.0949,-0.0945,0.4754,-0.0861,0.4495,64
88.50,34.50,0.0011,0.0403,0.4088,-0.0398,0.4234,2596
91.50,34.50,0.0981,0.1487,0.3441,0.0148,0.4545,117
94.50,34.50,0.3768,0.8381,1.0129,0.3229,1.3199,287
97.50,34.50,0.5076,0.7405,1.0723,0.4182,1.4253,233
100.50,34.50,-0.4778,0.0892,29.9139,0.2176,0.3334,106
103.50,34.50,-0.5183,0.0550,31.4778,0.2012,0.2391,45
1.50,37.50,0.0140,0.5862,0.6702,0.0144,13.3037,901
4.50,37.50,0.0995,0.3433,0.7183,0.0662,11.2009,107
7.50,37.50,0.4551,0.4282,0.9254,0.2364,1.6934,165
10.50,37.50,0.5615,-0.1189,1.3033,0.4206,1.6262,95
13.50,37.50,0.6369,0.1946,1.8802,0.6285,1.3571,104
16.50,37.50,0.7229,-0.8601,2.2843,0.5802,1.4116,114
19.50,37.50,0.8636,-0.3521,2.3197,0.4670,1.5380,86
22.50,37.50,0.7530,-0.0764,2.1355,0.2935,1.5270,137
25.50,37.50,0.6919,0.0516,2.0825,0.4654,1.6739,164
28.50,37.50,0.6859,0.0066,1.9860,0.4350,1.6824,92
31.50,37.50,0.6575,0.2636,1.9506,0.5387,1.6993,105
34.50,37.50,-0.3264,0.0481,10.6627,5.0594,3.8065,111
37.50,37.50,-0.7979,-0.3289,10.9709,5.2176,4.1187,109
40.50,37.50,-1.3156,-0.6107,12.6468,6.0213,4.9321,114
43.50,37.50,-0.1567,0.1146,1.7290,0.1276,2.4597,113
46.50,37.50,0.6987,0.5427,1.6847,0.0442,2.4951,91
49.50,37.50,1.9705,-0.3044,1.8911,-0.0442,2.6498,81
52.50,37.50,2.5051,-1.1162,2.0147,-0.1952,3.1122,68
55.50,37.50,2.3424,-0.4648,2.4347,-0.3566,3.3089,53
58.50,37.50,1.6594,-0.3440,2.8263,-0.3779,3.4117,48
61.50,37.50,1.2419,-0.7867,3.3426,-0.3365,3.0500,71
64.50,37.50,0.7492,-0.6293,3.0619,-0.3585,2.5898,28
67.50,37.50,0.2953,0.5070,2.7586,-0.4507,2.3589,55
70.50,37.50,-0.3559,1.0085,2.5112,-0.3570,2.5663,72
73.50,37.50,-1.0131,0.5687,2.4297,-0.1998,2.1786,37
76.50,37.50,-1.5239,0.1885,2.4365,0.0296,2.0562,52
79.50,37.50,-1.2581,-0.2185,2.1829,0.0093,1.7192,63
82.50,37.50,-0.8811,-0.4480,2.2992,-0.3083,1.8376,96
85.50,37.50,-0.0537,-0.2103,0.4664,-0.1568,0.4731,76
88.50,37.50,-0.0135,-0.0825,0.3794,-0.1515,0.4253,63
91.50,37.50,0.1553,0.0763,0.3270,-0.0889,0.4640,16
94.50,37.50,0.7994,1.0095,0.9878,0.0525,1.4055,41
97.50,37.50,1.0917,1.1223,1.0344,0.2174,1.5542,139
100.50,37.50,-0.2439,0.2023,19.8470,1.2787,3.0402,150
103.50,37.50,-0.3057,0.1422,21.1491,1.3541,3.1357,4350
1.50,40.50,-0.0005,0.8118,0.1286,0.5985,18.7166,1001
4.50,40.50,0.0972,0.5260,0.2538,0.6129,16.5321,59
7.50,40.50,0.7357,0.5152,1.1085,0.5900,3.2368,116
10.50,40.50,0.7436,0.0049,1.5287,0.8726,2.7162,64
13.50,40.50,0.5718,0.3042,2.1969,1.0568,2.2317,111
16.50,40.50,0.0594,-0.9981,2.4107,0.8687,1.7894,76
19.50,40.50,0.0963,-0.7321,2.4292,0.8254,1.8128,104
22.50,40.50,0.1328,-0.1034,2.3342,0.6837,1.8086,113
25.50,40.50,0.2899,0.1190,2.1986,0.6997,1.8369,55
28.50,40.50,0.0751,0.0347,1.9862,0.7183,1.6981,124
31.50,40.50,0.0546,0.3102,1.8257,0.6660,1.4626,147
34.50,40.50,-0.4564,0.2939,9.2881,4.4638,3.2854,384
37.50,40.50,-0.7384,0.0387,9.7932,4.5799,3.5836,308
40.50,40.50,-1.0469,-0.6350,10.6665,4.9711,4.1879,91
43.50,40.50,-0.4181,-0.4485,1.3585,0.1568,1.8183,132
46.50,40.50,0.2549,-0.1467,1.3160,0.0633,1.9040,51
49.50,40.50,0.8524,-0.2740,1.6323,-0.0840,1.9496,87
52.50,40.50,1.3487,-0.5692,2.4343,-0.5366,3.3763,77
55.50,40.50,0.9862,0.1621,2.7701,-0.7247,3.2965,49
58.50,40.50,0.4744,0.1511,2.9691,-0.7487,3.5535,61
61.50,40.50,0.0169,-0.4750,3.2929,-0.6328,3.1587,49
64.50,40.50,0.2171,-1.2732,3.5766,-0.7953,3.7665,62
67.50,40.50,0.2339,1.4392,3.0009,-0.7386,3.2108,56
70.50,40.50,-0.0752,2.2383,2.7665,-0.6126,3.3026,89
73.50,40.50,-0.8781,2.0729,2.4958,-0.3050,2.4827,80
76.50,40.50,-1.1555,0.2654,2.4045,-0.0951,2.0110,90
79.50,40.50,-0.6982,-0.4607,1.9657,-0.0790,1.5564,94
82.50,40.50,-0.2346,-0.9070,2.1307,-0.3323,1.6780,109
85.50,40.50,0.2542,-1.1726,2.1794,-0.6249,1.4905,37
88.50,40.50,0.8227,-0.9395,2.6313,-1.1918,1.7484,59
91.50,40.50,0.6854,0.7122,1.9701,-1.1257,2.0611,45
94.50,40.50,0.5181,1.3529,1.1582,-0.5066,2.3455,48
97.50,40.50,1.0503,1.7324,0.8772,-0.1287,2.2119,101
100.50,40.50,-0.2601,0.1126,17.9430,1.4510,3.2817,46
103.50,40.50,-0.2793,0.0827,18.5983,1.5071,3.3300,2162
1.50,43.50,0.1046,0.0376,0.6914,-1.4201,14.0280,4
4.50,43.50,0.2016,-0.1105,0.7054,-1.2006,13.0210,41
7.50,43.50,0.8327,0.1958,0.8360,0.5813,3.9070,71
10.50,43.50,0.6070,0.3814,1.0863,0.9960,3.2507,88
13.50,43.50,0.3837,0.4576,1.5061,1.0817,2.7399,47
16.50,43.50,0.1169,-0.5631,1.8991,0.8194,2.2077,39
19.50,43.50,-0.3091,-0.6063,2.3680,0.8973,2.0936,94
22.50,43.50,-0.8119,0.3450,2.6497,1.0379,2.2403,47
25.50,43.50,-1.2459,0.1933,2.4483,1.1119,2.1475,68
28.50,43.50,-1.1480,0.0550,1.9030,1.0111,1.8959,53
31.50,43.50,-0.5104,0.0478,1.6942,0.6823,1.4928,137
34.50,43.50,-0.5803,0.2340,8.8388,4.2229,3.2597,143
37.50,43.50,-0.7378,0.3259,9.2879,4.1953,3.4244,212
40.50,43.50,-1.2026,-0.3160,10.0222,4.4628,3.8750,98
43.50,43.50,-0.8985,-0.5996,1.7972,0.0829,1.6454,203
46.50,43.50,-0.4485,-0.6659,1.7996,0.0371,1.7976,291
49.50,43.50,0.2962,-0.7022,2.2144,-0.0491,1.8935,74
52.50,43.50,0.8313,-0.2863,3.0546,-0.4404,3.2646,44
55.50,43.50,0.5944,0.0796,2.8480,-1.0951,3.3851,67
58.50,43.50,0.2297,0.1955,2.6304,-1.2295,3.3941,130
61.50,43.50,-0.1354,-0.3254,2.6988,-1.2193,3.2244,38
64.50,43.50,-0.8016,-0.7134,3.0768,-0.7249,3.2187,32
67.50,43.50,-1.1161,1.7428,2.6940,-0.7640,2.8747,19
70.50,43.50,-1.0262,2.2813,2.5128,-0.6455,2.7772,68
73.50,43.50,-0.6933,2.1427,2.2592,-0.5438,2.2006,36
76.50,43.50,-0.3149,0.3275,2.1019,-0.3240,1.7190,42
79.50,43.50,-0.3066,-0.5692,1.8466,-0.3213,1.5927,141
82.50,43.50,-0.1675,-1.2081,2.0477,-0.4059,1.7770,152
85.50,43.50,-0.0531,-1.7369,2.5984,-0.6398,1.9137,44
88.50,43.50,0.3770,-1.0249,3.0603,-1.0731,2.0570,16
91.50,43.50,-0.3628,1.1982,2.1063,-1.0589,2.0772,12
94.50,43.50,-0.6118,1.3452,1.1798,-0.6974,2.6134,37
97.50,43.50,0.0423,1.8547,1.0256,-0.4533,2.9480,59
100.50,43.50,-0.0123,0.1683,0.9139,0.8425,5.7358,45
103.50,43.50,0.0074,0.1614,0.9169,0.8892,5.8735,1122
1.50,46.50,0.2996,-0.8821,1.6342,-4.0313,11.0185,741
4.50,46.50,0.3066,-0.9249,1.5288,-3.6900,10.4546,62
7.50,46.50,0.6819,-0.0279,0.5367,0.3870,3.8043,22
10.50,46.50,0.3230,0.8266,0.8381,0.8754,3.4251,30
13.50,46.50,-0.0260,0.5224,1.1578,0.8941,2.9825,54
16.50,46.50,-0.3660,-0.2047,1.4307,0.8210,2.4787,80
19.50,46.50,-0.8833,-0.1794,1.5735,0.8666,2.0388,73
22.50,46.50,-0.9710,0.8456,1.7227,1.0754,1.9597,63
25.50,46.50,-1.3413,0.1848,1.7538,1.0217,2.0632,62
28.50,46.50,-1.1763,0.0047,1.8715,0.9101,2.0507,90
31.50,46.50,-1.2360,-0.1725,1.9331,0.5508,2.0470,78
34.50,46.50,-0.9126,0.6772,1.7745,0.2670,1.7267,166
37.50,46.50,-1.0817,0.8177,2.0290,0.1388,1.7993,160
40.50,46.50,-0.4838,0.0276,1.0350,0.0611,0.9651,117
43.50,46.50,-0.5385,-0.3926,0.9996,0.0648,0.8356,197
46.50,46.50,-0.4409,-0.5855,0.9666,0.0678,0.9032,155
49.50,46.50,-0.6835,-1.1735,2.2383,0.0211,1.8152,76
52.50,46.50,-0.3676,-0.3301,2.9298,-0.1235,2.7821,76
55.50,46.50,0.0104,0.0596,2.4917,-0.7820,2.6554,111
58.50,46.50,-0.2575,0.3597,2.2353,-0.8175,2.4264,227
61.50,46.50,-0.3965,-0.0745,2.3051,-1.0136,2.4195,116
64.50,46.50,-0.8895,0.0046,2.4112,-0.6136,2.3520,44
67.50,46.50,-1.2263,1.5448,2.3288,-0.6985,2.5173,83
70.50,46.50,-1.2109,2.0863,2.2058,-0.7152,2.6277,107
73.50,46.50,-0.9879,1.9347,2.4323,-0.9358,2.4651,44
76.50,46.50,-0.0386,0.0794,2.4553,-0.7432,2.1170,57
79.50,46.50,0.0260,-0.6878,2.2474,-0.6523,1.9279,113
82.50,46.50,-0.4989,-1.4188,2.4480,-0.5290,2.0405,76
85.50,46.50,-0.9374,-2.0632,2.8251,-0.5299,2.0634,22
88.50,46.50,-1.7678,-0.4071,3.0757,-0.5949,1.8503,36
91.50,46.50,-2.0049,1.8974,2.4712,-0.6775,1.6387,40
94.50,46.50,-2.2108,1.4726,1.6616,-0.7659,2.6625,35
97.50,46.50,-1.2541,0.8511,1.1795,-0.4943,2.7513,30
100.50,46.50,-0.0890,-0.0873,0.8415,1.1371,2.5352,36
103.50,46.50,-0.0254,0.0423,0.8366,1.2399,2.4736,875
1.50,49.50,0.2462,-1.0333,1.5865,-3.8745,10.5883,549
4.50,49.50,0.1639,-0.9656,1.5071,-3.5855,10.0940,60
7.50,49.50,-0.0497,0.3023,0.4110,0.2987,3.1575,31
10.50,49.50,-0.3268,1.3158,0.7675,0.7605,3.1547,43
13.50,49.50,-0.3193,0.5363,0.9995,0.8131,2.8935,100
16.50,49.50,-0.2045,0.0501,1.1857,0.7950,2.4518,67
19.50,49.50,-0.1955,-0.0466,1.2245,0.8201,1.9172,58
22.50,49.50,0.0932,0.9469,1.2763,0.7559,1.5179,109
25.50,49.50,0.0389,0.2515,1.3956,0.7173,1.6869,98
28.50,49.50,-0.0308,0.2365,1.6517,0.5356,1.8033,100
31.50,49.50,-0.2630,-0.0335,1.9861,0.3548,2.0817,108
34.50,49.50,-0.3685,0.7444,2.0082,0.1304,1.8208,122
37.50,49.50,-0.5334,0.9156,2.1040,0.1377,1.7535,175
40.50,49.50,-0.3839,0.1545,1.0355,0.1290,0.9013,114
43.50,49.50,-0.4983,-0.3261,1.0429,0.1142,0.8170,1358
46.50,49.50,-0.5519,-0.6618,1.0904,0.0755,0.8854,81
49.50,49.50,-1.1587,-1.6253,2.5901,0.0722,1.8918,122
52.50,49.50,-0.9515,-0.5302,2.5639,0.0272,2.2569,84
55.50,49.50,-0.7214,-0.1979,2.3362,-0.4857,2.3040,179
58.50,49.50,-0.4152,0.1108,2.2797,-0.6189,2.1936,189
61.50,49.50,-0.2833,-0.2487,2.3846,-0.8005,2.1031,151
64.50,49.50,-0.5748,0.5399,2.1889,-0.4030,1.6677,80
67.50,49.50,-1.1484,1.4229,2.1159,-0.5177,1.6312,93
70.50,49.50,-1.1535,1.4436,1.9115,-0.5652,1.6302,54
73.50,49.50,-0.3303,0.3925,2.2444,-0.8870,1.8277,52
76.50,49.50,0.2741,-0.1326,2.2646,-1.0578,1.9705,57
79.50,49.50,0.4628,-0.5311,2.4881,-1.1244,2.2107,34
82.50,49.50,-0.1116,-1.3031,2.5702,-0.7889,2.2820,40
85.50,49.50,-0.5739,-2.3729,2.6275,-0.2641,2.1240,43
88.50,49.50,-1.2582,-0.1322,2.1932,-0.0395,1.7937,54
91.50,49.50,-1.4993,1.6882,1.9144,-0.1609,1.5886,56
94.50,49.50,-1.7603,1.3595,1.5088,-0.6215,2.6794,21
97.50,49.50,-1.5088,0.0433,1.2079,-0.7150,2.6383,48
100.50,49.50,-0.0665,0.0903,0.1695,-0.1536,2.7198,55
103.50,49.50,-0.0222,0.3259,0.1160,-0.1029,2.6038,41
1.50,52.50,0.2544,-1.6479,1.7528,-3.3637,8.0992,48
4.50,52.50,0.1152,-1.1342,1.5692,-2.8772,7.2781,55
7.50,52.50,-0.3591,0.9787,0.6253,0.3527,2.1955,53
10.50,52.50,-0.3440,1.5512,0.9998,0.5981,2.2656,31
13.50,52.50,-0.2687,0.5825,1.3637,0.6959,2.3804,69
16.50,52.50,-0.2791,-0.2735,1.5962,0.8192,2.2192,56
19.50,52.50,-0.0274,-0.5507,1.3724,0.7723,1.7719,42
22.50,52.50,0.5895,0.1873,1.3500,0.5622,1.3614,117
25.50,52.50,1.1133,0.1852,1.4595,0.3855,1.5230,94
28.50,52.50,1.1259,0.3781,1.7865,0.1914,1.6965,115
31.50,52.50,0.5700,0.4303,2.1062,0.2063,2.0426,181
34.50,52.50,0.0740,0.8335,2.0838,0.1335,1.8056,99
37.50,52.50,0.1817,1.0370,2.1515,0.1462,1.6640,154
40.50,52.50,0.1076,0.0723,0.6277,0.0756,0.5474,172
43.50,52.50,0.1224,-0.1430,0.5957,0.0754,0.5294,194
46.50,52.50,-0.0279,-0.3667,0.6054,0.0569,0.5373,115
49.50,52.50,-0.6203,-1.3464,3.5553,2.1255,4.2774,94
52.50,52.50,-0.9080,-0.4882,3.4449,1.7641,3.9932,161
55.50,52.50,-0.8513,-0.4104,3.2739,1.5866,3.5828,175
58.50,52.50,-0.6381,-0.0977,2.4213,-0.1456,1.4941,142
61.50,52.50,-0.1582,-0.3695,2.3589,-0.1497,1.3012,107
64.50,52.50,0.0372,0.6862,2.1121,-0.2668,1.2892,101
67.50,52.50,0.1794,1.2081,1.9781,-0.3500,1.1660,158
70.50,52.50,0.1452,0.9510,1.8666,-0.5336,1.1228,45
73.50,52.50,0.6469,-0.4761,2.1629,-0.7338,1.3458,118
76.50,52.50,1.0527,-0.5621,2.1684,-1.0006,1.8663,73
79.50,52.50,2.2437,-0.7475,2.1837,-1.0918,2.1686,44
82.50,52.50,1.9738,-0.8812,1.8027,-0.7216,2.1224,37
85.50,52.50,0.6044,-1.4645,1.6048,-0.1072,1.9652,48
88.50,52.50,-0.9778,0.5917,1.7268,-0.0041,1.8729,57
91.50,52.50,-1.3383,1.7381,1.8774,-0.0766,1.7038,43
94.50,52.50,-1.4799,1.0565,1.7158,-0.5771,2.3906,26
97.50,52.50,-1.8721,-0.2742,1.5249,-0.9978,2.4624,16
100.50,52.50,-0.3558,-0.1344,0.2967,-0.3563,4.5877,16
103.50,52.50,-0.2574,0.3020,0.2250,-0.2451,4.4915,992
1.50,55.50,-0.1408,-0.7076,0.3241,0.5229,3.1803,25
4.50,55.50,-0.1283,-0.2397,0.3299,0.4808,2.8941,5
7.50,55.50,-0.5497,1.0081,0.7033,0.3988,1.5676,27
10.50,55.50,0.0746,1.4662,0.9247,0.4775,1.9021,105
13.50,55.50,0.2030,0.5065,1.3122,0.5208,2.1267,49
16.50,55.50,0.3648,-0.2317,1.7434,0.6744,2.2051,68
19.50,55.50,0.3521,-0.6370,1.8179,0.6615,1.7593,76
22.50,55.50,0.5469,-0.4522,1.9601,0.5104,1.4429,127
25.50,55.50,0.8019,-0.0641,1.9826,0.2182,1.2409,64
28.50,55.50,0.6815,0.2066,2.1182,0.0797,1.4078,94
31.50,55.50,0.7912,0.5944,2.3148,0.0654,1.6531,151
34.50,55.50,0.6710,0.7513,2.2241,0.1207,1.5543,120
37.50,55.50,0.7590,1.0337,2.0342,0.1170,1.2379,126
40.50,55.50,0.2276,0.1476,0.8933,0.1024,0.6239,155
43.50,55.50,0.2494,-0.0928,0.8683,0.0948,0.6674,1887
46.50,55.50,0.2410,-0.3270,0.9515,0.0395,0.7053,94
49.50,55.50,0.0071,-0.8124,3.7528,1.9540,4.1363,96
52.50,55.50,-0.4649,-0.2993,3.7790,1.6771,3.8918,470
55.50,55.50,-0.6520,-0.5664,3.6082,1.6066,3.5642,138
58.50,55.50,-0.2926,-0.6853,2.7439,-0.0540,1.4157,142
61.50,55.50,0.1368,-0.8513,2.6816,-2.0143,7.2668,162
64.50,55.50,0.0799,0.0805,2.4280,-2.1168,7.3235,165
67.50,55.50,0.2732,0.3369,2.3424,-2.4025,7.7563,99
70.50,55.50,0.4315,0.5141,1.9040,-0.2764,0.8235,105
73.50,55.50,1.3957,-0.9849,2.1012,-0.4875,0.9866,87
76.50,55.50,1.4149,-0.5469,2.0831,-0.7790,1.3703,37
79.50,55.50,1.6398,-0.4673,2.2946,-0.7648,1.5162,58
82.50,55.50,1.0481,0.3698,2.0451,-0.4647,1.3653,13
85.50,55.50,-0.6685,0.3189,2.0761,0.0673,1.7439,26
88.50,55.50,-1.5095,1.0053,2.1004,0.1720,2.0118,34
91.50,55.50,-2.0720,1.8610,2.0050,0.1751,1.8312,78
94.50,55.50,-1.7682,0.5462,1.8894,-0.4452,2.5268,30
97.50,55.50,-1.6925,-0.1371,1.9274,-1.2037,2.8360,18
100.50,55.50,-0.2627,-0.4165,0.3702,-0.4054,4.8543,28
103.50,55.50,-0.1639,-0.0003,0.2493,-0.2583,4.6800,12
1.50,58.50,-0.1113,-0.9508,0.5095,-1.4634,16.6743,879
4.50,58.50,-0.1837,-0.6556,0.5228,-1.3126,15.3687,32
7.50,58.50,-1.0729,0.3456,1.0606,0.5439,1.3573,61
10.50,58.50,-0.4051,0.8444,1.0126,0.4420,1.7794,33
13.50,58.50,-0.0560,0.4269,1.2065,0.2586,1.7772,75
16.50,58.50,-0.0921,0.0557,1.5120,0.3600,1.8132,89
19.50,58.50,-0.3245,-0.4789,1.7057,0.3855,1.3758,64
22.50,58.50,-0.1589,-0.6926,2.0073,0.3631,1.3686,91
25.50,58.50,0.1553,-0.3608,2.2362,0.0665,1.1381,157
28.50,58.50,0.2801,0.2293,2.2860,-0.0838,1.2918,124
31.50,58.50,0.2850,0.6974,2.3106,-0.0097,1.3928,137
34.50,58.50,0.1786,0.6707,2.2364,0.1126,1.4006,155
37.50,58.50,0.4082,0.4972,1.7265,-0.1819,1.1566,248
40.50,58.50,0.2673,-0.0130,0.9277,-0.0970,0.6616,216
43.50,58.50,0.3402,-0.1175,0.9094,-0.1041,0.7166,137
46.50,58.50,0.2987,-0.2595,1.0062,-0.0028,0.6549,124
49.50,58.50,0.2992,-0.4312,3.8553,1.9596,4.0484,81
52.50,58.50,-0.1039,-0.0501,3.9851,1.8345,3.9029,136
55.50,58.50,-0.1691,-0.5106,3.8793,1.9187,3.7251,130
58.50,58.50,-0.2047,-0.8784,2.5608,0.0752,1.2120,136
61.50,58.50,0.1011,-0.9819,2.3884,-1.9043,7.0731,123
64.50,58.50,0.3136,-0.2483,2.2179,-2.0436,7.1667,433
67.50,58.50,0.6364,0.0830,2.3335,-2.3980,7.8745,139
70.50,58.50,1.0441,0.3092,2.2837,-0.1620,0.8651,110
73.50,58.50,0.9557,-0.7582,2.7655,-0.2694,1.0786,63
76.50,58.50,0.2608,-0.1352,2.9095,-0.3861,1.2467,43
79.50,58.50,-0.8851,0.3475,3.1640,-0.3467,1.2505,47
82.50,58.50,-2.5007,1.6822,2.6522,-0.0653,0.8910,38
85.50,58.50,-3.7066,2.0791,2.4452,0.1575,1.4085,48
88.50,58.50,-2.8077,1.5409,2.0017,0.1202,1.4064,58
91.50,58.50,-2.0445,1.4178,1.8651,0.1096,1.2894,29
94.50,58.50,-1.4871,-0.2777,1.8485,-0.3643,1.9703,55
97.50,58.50,-1.2900,-0.9620,2.2149,-0.9233,2.6366,35
100.50,58.50,-1.3396,-6.3398,2.4199,-1.5804,4.4052,15
103.50,58.50,-1.8717,-6.7599,2.4542,-1.0369,2.4042,11
1.50,61.50,-0.1299,-0.9147,0.4817,-1.5026,16.8299,596
4.50,61.50,-0.2217,-0.6895,0.5220,-1.3368,15.5744,53
7.50,61.50,-1.6483,-0.1904,1.2593,0.6591,1.4183,54
10.50,61.50,-0.2718,0.1543,0.3178,0.1245,0.5874,38
13.50,61.50,-0.1172,0.0393,0.3648,0.0701,0.6487,85
16.50,61.50,0.0340,0.1097,0.5084,0.0761,0.6807,74
19.50,61.50,0.1671,-0.2722,1.7136,0.1916,1.2284,107
22.50,61.50,-0.1626,-0.5620,2.1275,0.1405,1.1529,133
25.50,61.50,-0.5336,-0.3985,2.2496,0.0244,0.9322,78
28.50,61.50,-0.5723,0.1397,2.2867,-0.0775,1.0250,64
31.50,61.50,-0.2983,0.8483,2.3004,-0.0656,1.0665,146
34.50,61.50,-0.1510,0.6081,2.3451,0.0017,1.1358,130
37.50,61.50,0.0326,0.2887,1.6808,-0.2287,1.0191,54
40.50,61.50,0.1786,-0.1840,1.5927,-0.2164,1.0208,767
43.50,61.50,0.2217,-0.1990,1.5795,-0.2628,1.1090,174
46.50,61.50,0.3047,-0.3126,2.4997,-0.1341,1.2826,148
49.50,61.50,0.0246,0.0700,3.0862,-0.1720,1.3342,126
52.50,61.50,0.1023,0.3027,3.1773,-0.0908,1.2046,76
55.50,61.50,0.2105,-0.3985,2.8851,0.1290,1.0954,118
58.50,61.50,0.0090,-1.0704,2.4355,0.3410,1.1551,66
61.50,61.50,-0.1388,-1.2455,2.2403,-2.0991,7.8951,145
64.50,61.50,-0.2269,-0.5792,2.0861,-2.1253,7.6749,144
67.50,61.50,-0.1522,-0.1890,2.2596,-2.5098,8.3794,87
70.50,61.50,-0.1423,0.5739,2.2215,0.0099,0.7864,34
73.50,61.50,-0.2060,0.0251,1.1143,-0.0199,0.3694,70
76.50,61.50,-0.4081,0.2169,1.0642,-0.0423,0.3402,32
79.50,61.50,-0.6612,0.3121,1.0446,-0.0208,0.2599,51
82.50,61.50,-2.9695,1.7111,3.0079,0.1013,0.5488,27
85.50,61.50,-2.4443,1.4722,2.6635,0.1621,0.6894,24
88.50,61.50,-1.4929,0.9283,2.1240,0.1387,0.8081,26
91.50,61.50,-0.4981,0.5490,1.4393,0.0731,0.7127,93
94.50,61.50,-0.0246,-0.2998,0.5245,-0.0726,0.7141,41
97.50,61.50,0.0941,-0.4317,0.4051,-0.1066,0.7151,28
100.50,61.50,0.0704,-1.1945,0.2635,-0.1147,0.7733,6
103.50,61.50,0.2783,-13.2557,0.8932,0.0104,1.3342,6
1.50,64.50,0.2027,-0.6800,5.1358,-2.6896,10.6083,8
4.50,64.50,0.0654,-0.6083,4.9347,-2.5224,10.1425,0
7.50,64.50,-0.2172,-0.2187,6.5582,-2.4345,1.3296,20
10.50,64.50,-0.3439,-0.0065,0.3411,0.0314,0.4379,36
13.50,64.50,-0.2456,-0.0727,0.3774,-0.0157,0.4579,1225
16.50,64.50,-0.2196,0.0053,0.4471,-0.0259,0.4425,99
19.50,64.50,-0.4388,-0.1787,1.0062,0.0380,0.6061,42
22.50,64.50,-0.3248,-0.1122,1.2649,0.0145,0.6800,88
25.50,64.50,-0.2686,-0.0861,1.1556,-0.0317,0.5105,115
28.50,64.50,-0.3795,0.1508,1.4534,-0.0859,0.6368,88
31.50,64.50,-0.1500,0.2248,1.1292,-0.0539,0.3173,52
34.50,64.50,-0.0963,0.1478,1.3078,-0.0420,0.3942,78
37.50,64.50,0.1262,-0.0353,1.1318,-0.1940,0.5260,50
40.50,64.50,0.2908,-0.4036,1.3546,-0.3444,0.9034,58
43.50,64.50,0.2504,-0.1810,1.3547,-0.3298,0.9421,141
46.50,64.50,-0.0791,-0.0738,1.3587,-0.0735,0.6830,57
49.50,64.50,-0.2196,0.1212,1.5424,0.0144,0.6039,35
52.50,64.50,-0.1489,0.1126,1.5243,0.0986,0.5593,92
55.50,64.50,0.0793,-0.3835,2.6780,0.4647,0.9143,69
58.50,64.50,-0.2167,-0.7077,1.7181,0.4124,0.8396,56
61.50,64.50,-0.5351,-0.7643,1.7886,0.4951,0.5793,73
64.50,64.50,-0.5596,-0.3699,1.5772,0.3655,0.5363,146
67.50,64.50,-0.8413,0.0305,1.8833,0.3766,0.4230,73
70.50,64.50,-0.7733,0.6090,1.4721,0.0601,0.5025,43
73.50,64.50,-0.4143,0.2270,0.8143,0.0343,0.2423,105
76.50,64.50,-0.3718,0.2399,0.8305,0.0256,0.2437,1081
79.50,64.50,-0.3781,0.3176,0.7984,0.0228,0.1762,17
82.50,64.50,-0.9836,1.5183,2.5236,0.1801,0.3678,74
85.50,64.50,0.3161,1.0330,1.9453,0.0733,0.3143,34
88.50,64.50,0.8431,0.6134,1.2514,0.0327,0.3864,57
91.50,64.50,0.2287,-0.0337,0.2181,-0.0333,0.3329,53
94.50,64.50,0.1363,-0.1515,0.1574,-0.0411,0.3881,119
97.50,64.50,0.1100,-0.1792,0.1304,-0.0396,0.3837,766
100.50,64.50,0.0392,-0.8807,0.1393,-0.0559,0.5101,0
103.50,64.50,-1.7737,-19.7720,0.0977,0.1015,0.4744,6
1.50,67.50,0.3333,-0.3195,6.7762,-2.0198,0.9911,587
4.50,67.50,0.2338,-0.2595,6.5484,-1.9269,0.9806,1122
7.50,67.50,0.0119,-0.1633,7.1483,-2.8078,1.3178,48
10.50,67.50,-0.2126,0.0017,0.2894,-0.0103,0.2962,17
13.50,67.50,-0.1513,-0.1152,0.3459,-0.0226,0.3264,464
16.50,67.50,-0.0854,-0.0662,0.4038,-0.0405,0.3094,69
19.50,67.50,-0.1132,-0.1936,1.0095,-0.0140,0.4347,50
22.50,67.50,-0.1650,-0.0489,1.2752,-0.0124,0.5747,436
25.50,67.50,-0.1820,0.0021,1.0758,-0.0361,0.4187,384
28.50,67.50,-0.4001,0.0768,1.3782,-0.0609,0.5353,572
31.50,67.50,-0.1264,0.1675,1.0139,-0.0585,0.1994,30
34.50,67.50,-0.0793,0.0276,1.1382,-0.0626,0.2308,1213
37.50,67.50,0.0109,-0.0711,1.0230,-0.0148,0.1721,15
40.50,67.50,0.0345,-0.5738,1.4132,-0.0484,0.5409,263
43.50,67.50,0.1225,-0.0199,1.4197,-0.0538,0.6412,39
46.50,67.50,0.1239,0.1691,0.9230,-0.0400,0.4792,46
49.50,67.50,0.0461,0.1499,1.0314,0.0543,0.3510,612
52.50,67.50,0.1423,0.0023,1.0681,0.1387,0.2994,25
55.50,67.50,0.6946,-0.5554,2.7036,0.5680,0.7059,26
58.50,67.50,0.1340,-0.6501,1.6908,0.4924,0.6203,30
61.50,67.50,-0.5807,-0.5824,2.0142,0.5769,0.4779,244
64.50,67.50,-0.9963,-0.3588,1.7838,0.4984,0.4073,337
67.50,67.50,-1.4300,-0.1452,2.0634,0.5136,0.3461,60
70.50,67.50,-1.4350,0.5473,1.1219,0.0806,0.3071,59
73.50,67.50,-0.3490,0.1974,0.5781,0.0110,0.1431,125
76.50,67.50,-0.1937,0.2008,0.5713,-0.0065,0.1415,41
79.50,67.50,-0.0386,0.1678,0.5873,-0.0079,0.1096,7
82.50,67.50,1.9953,0.4889,2.5834,-0.0783,0.3441,9
85.50,67.50,2.2476,0.2993,1.9122,-0.0050,0.2720,17
88.50,67.50,2.9974,0.1789,1.2131,0.0291,0.2532,12
91.50,67.50,0.3129,-0.0489,0.1228,-0.0386,0.3062,17
94.50,67.50,0.1875,-0.0964,0.0844,-0.0345,0.3222,1714
97.50,67.50,0.1082,-0.1040,0.0788,-0.0335,0.3242,8
100.50,67.50,-0.0074,-0.4713,0.0718,-0.0112,0.3521,0
103.50,67.50,-5.1377,-24.9387,0.1329,0.2356,1.0277,3
